User ID,Password
P1001,5e884898da28047151d0e56f8dc6292773603d0d6aabbdd62a11ef721d1542d8
P1002,5e884898da28047151d0e56f8dc6292773603d0d6aabbdd62a11ef721d1542d8
P1003,5e884898da28047151d0e56f8dc6292773603d0d6aabbdd62a11ef721d1542d8
D001,5e884898da28047151d0e56f8dc6292773603d0d6aabbdd62a11ef721d1542d8
D002,5e884898da28047151d0e56f8dc6292773603d0d6aabbdd62a11ef721d1542d8
P001,5e884898da28047151d0e56f8dc6292773603d0d6aabbdd62a11ef721d1542d8
A001,5e884898da28047151d0e56f8dc6292773603d0d6aabbdd62a11ef721d1542d8
D003,5e884898da28047151d0e56f8dc6292773603d0d6aabbdd62a11ef721d1542d8
D003,5e884898da28047151d0e56f8dc6292773603d0d6aabbdd62a11ef721d1542d8
D004,5e884898da28047151d0e56f8dc6292773603d0d6aabbdd62a11ef721d1542d8
